code,company,record_type,issue,page,name,date
301581,黄山谷捷,subscription_flow,数值为null,44,赛格高技术,2021-11-11
301581,黄山谷捷,subscription_flow,数值为null,44,上汽科技,2021-11-11
301581,黄山谷捷,subscription_flow,数值为null,45,黄山佳捷,2022-05-26
688775,影石创新,subscription_flow,数值为null,63,北京岚锋,2015-07-09
688775,影石创新,subscription_flow,数值为null,63,北京岚锋,2015-07-09
920116,星图测控,equity_snapshot,全部数值为null,47,中科星图,t0
920116,星图测控,equity_snapshot,全部数值为null,47,中科星图,t0
920116,星图测控,equity_snapshot,全部数值为null,47,中科星图,t0
920116,星图测控,equity_snapshot,全部数值为null,47,中科星图,t0
920116,星图测控,equity_snapshot,全部数值为null,47,中科星图,t0
920116,星图测控,equity_snapshot,全部数值为null,47,中科星图,t0
920116,星图测控,equity_snapshot,全部数值为null,47,中科星图,t0
